nihao	你好 你好吗
xiexie	谢谢 谢谢你
zaijian	再见
haode	好的
meiwenti	没问题
keyi	可以
duibuqi	对不起
buhaoyisi	不好意思
zhidaole	知道了
shoudao	收到
mingtian	明天
jintian	今天
zuotian	昨天
xiawu	下午
shangwu	上午
wanshang	晚上
zaoshang	早上
shijian	时间
pengyou	朋友
xihuan	喜欢
wo	我 握 窝 沃 卧
ni	你 尼 呢 泥 拟 逆
ta	他 她 它 塔 踏
men	们 门 闷
de	的 得 德
shi	是 时 事 十 使 市 试 世 师 诗
hao	好 号 浩 毫 豪
bu	不 部 步 补 布
le	了 乐
ma	吗 妈 马 嘛 码
mei	没 每 美 妹 梅
you	有 又 友 由 右 游 优
zai	在 再 载
yao	要 药 摇 咬 邀
xiang	想 像 向 相 香 象 项
qu	去 区 取 趣 曲
lai	来 赖
ke	可 科 客 课 克 刻
yi	一 以 已 意 依 易 义 衣 医
hui	会 回 灰 汇 挥
ge	个 各 歌 格 哥
zen	怎
me	么
shen	什 身 深 神 申
zhe	这 着 者 折
na	那 哪 拿 纳
hen	很 狠 恨
zhen	真 镇 针 阵 珍
xing	行 星 性 型 兴 姓
gan	感 干 敢 赶 甘
jue	觉 决 绝
kan	看 刊 堪
ting	听 停 厅 挺
shuo	说
hua	话 花 画 化 华
wen	问 文 温 闻 稳
da	大 打 达 答
deng	等 灯 登
xia	下 夏 吓 霞
shang	上 商 伤 尚
jin	今 进 金 近 尽 紧
ming	明 名 命 鸣
tian	天 田 添 甜
wan	晚 完 玩 万 弯
zao	早 造 糟 枣
zhong	中 种 重 钟 众 终
wu	午 五 无 物 务 吴 舞
dian	点 电 店 殿
fen	分 份 粉 奋
miao	秒 妙 描 苗
hou	后 候 厚 猴
qian	前 钱 千 签 浅
li	里 理 力 离 利 李 立 礼
wai	外 歪
he	和 喝 合 河 何 盒
chi	吃 持 迟 尺 池
fan	饭 反 翻 凡 烦
shui	水 谁 睡
ka	卡 咖
fei	非 飞 费 菲 啡
cha	茶 查 差 插
ba	吧 把 八 爸 巴
ne	呢
a	啊 阿
ai	爱 哎 矮
an	安 按 案 岸
ang	昂
ao	奥 傲 熬 凹
bai	白 百 摆 败
ban	办 半 班 版 搬
bang	帮 棒 邦 绑
bao	包 报 保 宝 抱
bei	被 北 杯 备 背
ben	本 笨 奔
beng	崩 蹦
bi	比 必 笔 毕 币 鼻
bian	变 边 便 编 遍
biao	表 标 彪
bie	别 憋
bin	宾 斌 滨
bing	并 病 冰 饼
bo	播 波 博 拨
cai	才 菜 财 猜
can	餐 参 残 惭
cang	藏 仓 苍
cao	草 操 槽
ce	测 策 册 侧
ceng	层 曾
chai	拆 柴
chan	产 缠 铲
chang	常 长 场 唱 厂
chao	超 朝 炒 潮
che	车 撤 扯
chen	陈 晨 沉 臣
cheng	成 城 程 称 乘
chong	充 冲 虫 宠
chou	抽 丑 愁 臭
chu	出 处 初 除 厨
chuai	揣
chuan	穿 传 船 串
chuang	窗 床 创 闯
chui	吹 垂 锤
chun	春 纯 唇
chuo	戳
ci	次 此 词 刺
cong	从 聪 葱
cou	凑
cu	粗 促 醋
cuan	窜
cui	催 脆 翠
cun	存 村 寸
cuo	错 措 搓
dai	带 待 代 戴
dan	但 单 蛋 淡 担
dang	当 党 档 挡
dao	到 道 倒 刀 导
dei	得
di	地 第 低 底 弟
dia	嗲
dian	点 电 店 典
diao	掉 调 钓
die	爹 跌 碟
ding	定 顶 订 丁
diu	丢
dong	东 动 懂 冬
dou	都 豆 斗 逗
du	读 度 都 独 毒
duan	段 短 断 端
dui	对 队 堆
dun	顿 盾 蹲
duo	多 朵 躲 夺
e	饿 额 俄 鹅
ei	诶
en	嗯 恩
er	而 二 儿 耳
fa	发 法 罚
fang	方 放 房 仿
feng	风 封 丰 峰 疯
fo	佛
fou	否
fu	服 付 父 复 福 富 负
gai	该 改 盖
gang	刚 港 钢 岗
gao	高 告 搞 稿
gen	跟 根
geng	更 耕 梗
gong	工 公 功 共 宫
gou	够 狗 购 沟
gu	故 古 顾 股 鼓
gua	挂 瓜 刮
guai	怪 乖
guan	关 管 观 馆 官
guang	光 广 逛
gui	贵 归 规 鬼
gun	滚 棍
guo	过 国 果 锅
hai	还 海 害 孩
han	汉 寒 喊 含
hang	行 航 杭
hei	黑 嘿
heng	横 恒 哼
hong	红 洪 哄
hu	乎 户 湖 虎 呼
huai	坏 怀 淮
huan	换 还 欢 环
huang	黄 慌 皇 晃
hun	婚 混 昏
huo	或 活 火 货 获
ji	几 机 及 记 级 鸡 急 寄
jia	家 加 假 价 架
jian	见 件 间 建 简 检
jiang	将 讲 江 奖
jiao	叫 教 交 角 脚
jie	接 姐 解 节 街 借
jiong	窘
jiu	就 九 久 酒 救
ju	句 局 居 举 剧
juan	卷 捐 倦
jun	军 均 君 俊
kai	开 凯
kan	看 刊
kang	康 扛 抗
kao	考 靠 烤
ken	肯 啃
keng	坑
kong	空 控 孔
kou	口 扣
ku	苦 哭 酷 库
kua	跨 夸
kuai	快 块 筷
kuan	宽 款
kuang	况 狂 框
kui	亏 魁
kun	困 昆
kuo	扩 阔
la	啦 拉 辣
lan	蓝 懒 栏 烂
lang	浪 朗 狼
lao	老 劳 牢
lei	累 类 泪 雷
leng	冷
lia	俩
lian	连 脸 联 练
liang	两 量 亮 良
liao	聊 了 料 疗
lie	列 烈 裂
lin	林 临 邻
ling	零 另 领 令 灵
liu	六 留 流 刘
long	龙 隆 笼
lou	楼 漏
lu	路 陆 录 露
luan	乱 卵
lun	论 轮
luo	落 罗 逻
lv	绿 旅 律 吕
lve	略
mai	买 卖 麦
man	慢 满 蛮
mang	忙 芒 盲
mao	毛 猫 帽
mi	米 密 迷 秘
mian	面 免 棉
miao	秒 妙 苗
mie	灭
min	民 敏
mo	么 摸 模 末 默
mou	某
mu	目 木 母 幕
nai	奶 耐
nan	难 男 南
nang	囊
nao	脑 闹
nei	内
nen	嫩
neng	能
nian	年 念
niang	娘
niao	鸟 尿
nie	捏 聂
nin	您
ning	宁 凝
niu	牛 扭
nong	弄 农
nu	怒 努
nuan	暖
nuo	诺 挪
nv	女
o	哦
ou	欧 偶
pa	怕 爬 啪
pai	拍 排 牌
pan	盘 判 盼
pang	旁 胖
pao	跑 泡
pei	陪 配 赔
pen	盆 喷
peng	朋 碰 捧
pi	皮 批 披
pian	片 篇 骗
piao	票 漂
pie	撇
pin	品 拼 频
ping	平 评 屏 苹
po	破 坡 婆
pou	剖
pu	普 铺 谱
qi	起 七 气 期 其 奇 齐
qia	恰 卡
qiang	强 抢 墙
qiao	桥 巧 敲
qie	且 切
qin	亲 勤 琴
qing	请 情 清 轻 青
qiong	穷
qiu	求 秋 球
quan	全 权 圈
que	确 却 缺
qun	群 裙
ran	然 染
rang	让 嚷
rao	绕 饶
re	热 惹
ren	人 认 任 仁
reng	仍 扔
ri	日
rong	容 荣 融
rou	肉 柔
ru	如 入 乳
ruan	软
rui	瑞 锐
run	润
ruo	若 弱
sa	撒 洒
sai	赛 塞
san	三 散
sang	桑 嗓
sao	扫 骚
se	色 涩
sen	森
seng	僧
sha	啥 沙 傻
shai	晒
shan	山 闪 善
shao	少 烧 稍
she	设 社 舍 蛇
shei	谁
sheng	生 声 省 升 胜
shou	手 收 首 受
shu	书 数 输 树 舒 熟
shua	刷 耍
shuai	帅 摔 甩
shuan	栓 拴
shuang	双 爽
shun	顺 瞬
shuo	说 硕
si	四 思 死 司 私
song	送 松 宋
sou	搜
su	速 素 苏
suan	算 酸
sui	岁 随 碎
sun	孙 损
suo	所 索 锁
tai	太 台 态
tan	谈 弹 探
tang	汤 糖 躺
tao	套 讨 桃
te	特
teng	疼 腾
ti	提 题 体 替
tiao	条 跳 挑
tie	贴 铁
tong	同 通 痛 童
tou	头 投 偷
tu	图 土 突 兔
tuan	团
tui	退 推 腿
tun	吞 屯
tuo	拖 脱 托
wa	哇 挖 娃
wei	为 位 未 喂 微
weng	翁
xi	喜 系 西 希 习 洗
xian	先 现 线 闲 显
xiao	小 笑 消 校
xie	谢 写 些 鞋
xin	心 新 信 辛
xiong	兄 熊 胸
xiu	修 休 秀
xu	需 许 续 虚
xuan	选 宣 旋
xue	学 雪 血
xun	寻 讯 询
ya	呀 压 牙
yan	言 眼 演 烟 严
yang	样 养 阳 羊
ye	也 夜 页 叶
yin	因 音 引 银
ying	应 英 影 赢
yong	用 永 勇
yu	与 于 雨 鱼 语 遇
yuan	元 原 远 愿 圆
yue	月 约 越 乐
yun	云 运 晕
za	杂 咋
zan	咱 赞
zang	脏 藏
ze	则 责
zei	贼
zeng	增 曾
zha	炸 扎 渣
zhai	宅 摘 窄
zhan	站 战 展 占
zhang	张 长 章 账
zhao	找 照 招 赵
zhei	这
zheng	正 整 证 挣
zhi	知 只 直 指 至 之 纸
zhou	周 州 粥
zhu	主 住 注 祝 猪
zhua	抓
zhuai	拽
zhuan	转 专 赚
zhuang	装 状 庄
zhui	追
zhun	准
zhuo	桌 着
zi	子 自 字 资
zong	总 宗
zou	走 奏
zu	组 足 租
zuan	钻
zui	最 嘴 醉
zun	尊
zuo	做 作 坐 左 昨
